収集日,機種名,台番号,G数,差枚,BB,RB,BB確率,RB確率,合成確率,推定設定,信頼度,備考
2026-07-06,マイジャグラーV,2177,7367,912,28,27,1/263.1,1/272.9,1/133.9,4,中,特記事項なし
2026-07-06,マイジャグラーV,2178,8216,1809,35,29,1/234.7,1/283.3,1/128.4,5,中,特記事項なし
2026-07-06,マイジャグラーV,2179,6797,415,30,20,1/226.6,1/339.9,1/135.9,3,中,特記事項なし
2026-07-06,マイジャグラーV,2180,4824,6,17,14,1/283.8,1/344.6,1/155.6,3,低,特記事項なし
2026-07-06,マイジャグラーV,2181,6704,-1385,18,22,1/372.4,1/304.7,1/167.6,3,中,REG優勢で高設定示唆
2026-07-06,マイジャグラーV,2182,4209,-500,15,10,1/280.6,1/420.9,1/168.4,1,低,特記事項なし
2026-07-06,マイジャグラーV,2183,4942,-1297,14,9,1/353.0,1/549.1,1/214.9,1,低,特記事項なし
2026-07-06,マイジャグラーV,2184,8175,1615,37,23,1/220.9,1/355.4,1/136.2,3,中,特記事項なし
2026-07-06,マイジャグラーV,2185,8155,2106,36,26,1/226.5,1/313.7,1/131.5,4,中,特記事項なし
2026-07-06,マイジャグラーV,2186,7054,-997,23,20,1/306.7,1/352.7,1/164.0,2,中,特記事項なし
2026-07-06,マイジャグラーV,2187,7301,-194,25,21,1/292.0,1/347.7,1/158.7,3,中,特記事項なし
2026-07-06,マイジャグラーV,2188,7059,1509,31,19,1/227.7,1/371.5,1/141.2,2,中,特記事項なし
2026-07-06,マイジャグラーV,2189,5714,9,23,14,1/248.4,1/408.1,1/154.4,1,低,特記事項なし
2026-07-06,マイジャグラーV,2190,5781,-2882,13,10,1/444.7,1/578.1,1/251.3,1,低,特記事項なし
2026-07-06,マイジャグラーV,2191,8164,1103,34,28,1/240.1,1/291.6,1/131.7,4,中,特記事項なし
2026-07-06,マイジャグラーV,2192,6557,-1085,23,13,1/285.1,1/504.4,1/182.1,1,中,特記事項なし
2026-07-06,マイジャグラーV,2193,6384,-694,21,19,1/304.0,1/336.0,1/159.6,3,中,特記事項なし
2026-07-06,マイジャグラーV,2194,7767,2318,40,22,1/194.2,1/353.0,1/125.3,5,中,特記事項なし
2026-07-06,マイジャグラーV,2195,7305,715,30,23,1/243.5,1/317.6,1/137.8,4,中,特記事項なし
2026-07-06,マイジャグラーV,2196,6068,806,23,22,1/263.8,1/275.8,1/134.8,4,中,特記事項なし
2026-07-06,マイジャグラーV,2197,7501,1015,31,24,1/242.0,1/312.5,1/136.4,4,中,特記事項なし
2026-07-06,マイジャグラーV,2198,7635,912,31,25,1/246.3,1/305.4,1/136.3,4,中,特記事項なし
2026-07-06,マイジャグラーV,2199,6685,112,26,15,1/257.1,1/445.7,1/163.0,1,中,特記事項なし
2026-07-06,マイジャグラーV,2200,6620,206,27,19,1/245.2,1/348.4,1/143.9,3,中,特記事項なし
2026-07-06,マイジャグラーV,2201,6240,-1297,16,18,1/390.0,1/346.7,1/183.5,2,中,REG優勢で高設定示唆
2026-07-06,マイジャグラーV,2202,5685,803,22,24,1/258.4,1/236.9,1/123.6,6,低,REG優勢で高設定示唆
2026-07-06,マイジャグラーV,2203,8664,1915,39,27,1/222.2,1/320.9,1/131.3,4,中,特記事項なし
2026-07-06,マイジャグラーV,2204,8021,1615,34,30,1/235.9,1/267.4,1/125.3,5,中,特記事項なし
2026-07-06,マイジャグラーV,2205,6307,1103,26,22,1/242.6,1/286.7,1/131.4,4,中,特記事項なし
2026-07-06,マイジャグラーV,2206,4937,-1597,14,9,1/352.6,1/548.6,1/214.7,1,低,特記事項なし
2026-07-06,マイジャグラーV,2207,3859,-394,15,5,1/257.3,1/771.8,1/192.9,1,低,特記事項なし
2026-07-06,マイジャグラーV,2208,8232,-997,26,28,1/316.6,1/294.0,1/152.4,3,中,REG優勢で高設定示唆
2026-07-06,マイジャグラーV,2209,6128,1015,26,18,1/235.7,1/340.4,1/139.3,3,中,特記事項なし
2026-07-06,マイジャグラーV,2210,5571,-394,19,15,1/293.2,1/371.4,1/163.9,2,低,特記事項なし
2026-07-06,マイジャグラーV,2211,3630,-1191,10,7,1/363.0,1/518.6,1/213.5,1,低,特記事項なし
2026-07-06,マイジャグラーV,2212,6776,1809,32,17,1/211.8,1/398.6,1/138.3,2,中,特記事項なし
2026-07-06,マイジャグラーV,2213,6956,1103,29,23,1/239.9,1/302.4,1/133.8,4,中,特記事項なし
2026-07-06,マイジャグラーV,2214,6472,203,30,13,1/215.7,1/497.8,1/150.5,1,中,特記事項なし
2026-07-06,マイジャグラーV,2215,6291,1209,30,14,1/209.7,1/449.4,1/143.0,1,中,特記事項なし
2026-07-06,マイジャグラーV,2216,4497,-1191,11,13,1/408.8,1/345.9,1/187.4,2,低,REG優勢で高設定示唆
2026-07-06,マイジャグラーV,2217,5478,-1685,14,15,1/391.3,1/365.2,1/188.9,2,低,REG優勢で高設定示唆
2026-07-06,マイジャグラーV,2218,7674,909,33,18,1/232.5,1/426.3,1/150.5,1,中,特記事項なし
2026-07-06,マイジャグラーV,2219,6014,-591,21,15,1/286.4,1/400.9,1/167.1,1,中,特記事項なし
2026-07-06,マイジャグラーV,2220,6519,806,28,17,1/232.8,1/383.5,1/144.9,2,中,特記事項なし
2026-07-06,マイジャグラーV,2221,5418,-2200,11,13,1/492.5,1/416.8,1/225.8,1,低,REG優勢で高設定示唆
2026-07-06,マイジャグラーV,2222,5113,-2294,11,13,1/464.8,1/393.3,1/213.0,1,低,REG優勢で高設定示唆
2026-07-06,マイジャグラーV,2223,4708,6,17,12,1/276.9,1/392.3,1/162.3,2,低,特記事項なし
2026-07-06,マイジャグラーV,2224,5541,-594,21,8,1/263.9,1/692.6,1/191.1,1,低,特記事項なし
2026-07-06,マイジャグラーV,2225,9170,203,33,33,1/277.9,1/277.9,1/138.9,4,中,特記事項なし
2026-07-06,マイジャグラーV,2226,5025,-1985,13,9,1/386.5,1/558.3,1/228.4,1,低,特記事項なし
2026-07-06,マイジャグラーV,2227,4523,-1682,11,8,1/411.2,1/565.4,1/238.1,1,低,特記事項なし
2026-07-06,マイジャグラーV,2228,7215,-485,24,24,1/300.6,1/300.6,1/150.3,3,中,特記事項なし
2026-07-06,ネオアイムジャグラーEX,2108,5893,-1085,16,21,1/368.3,1/280.6,1/159.3,3,低,REG優勢で高設定示唆
2026-07-06,ネオアイムジャグラーEX,2109,7420,803,30,25,1/247.3,1/296.8,1/134.9,4,中,特記事項なし
2026-07-06,ネオアイムジャグラーEX,2110,3845,-1491,9,11,1/427.2,1/349.5,1/192.2,3,低,REG優勢で高設定示唆
2026-07-06,ネオアイムジャグラーEX,2111,4999,-2082,12,10,1/416.6,1/499.9,1/227.2,1,低,特記事項なし
2026-07-06,ネオアイムジャグラーEX,2112,2626,-900,7,6,1/375.1,1/437.7,1/202.0,1,低,特記事項なし
2026-07-06,ネオアイムジャグラーEX,2113,6591,-1385,17,21,1/387.7,1/313.9,1/173.4,3,中,REG優勢で高設定示唆
2026-07-06,ネオアイムジャグラーEX,2114,3094,-300,10,7,1/309.4,1/442.0,1/182.0,1,低,特記事項なし
2026-07-06,ネオアイムジャグラーEX,2115,8359,1024,36,24,1/232.2,1/348.3,1/139.3,4,中,特記事項なし
2026-07-06,ネオアイムジャグラーEX,2116,4790,-700,14,16,1/342.1,1/299.4,1/159.7,3,低,REG優勢で高設定示唆
2026-07-06,ネオアイムジャグラーEX,2117,7212,309,28,19,1/257.6,1/379.6,1/153.4,2,中,特記事項なし
2026-07-06,ネオアイムジャグラーEX,2118,5293,715,26,8,1/203.6,1/661.6,1/155.7,1,低,特記事項なし
2026-07-06,ネオアイムジャグラーEX,2119,4685,-594,20,5,1/234.2,1/937.0,1/187.4,1,低,特記事項なし
2026-07-06,ネオアイムジャグラーEX,2120,7919,-891,24,27,1/330.0,1/293.3,1/155.3,3,中,REG優勢で高設定示唆
2026-07-06,ネオアイムジャグラーEX,2121,5737,-394,19,14,1/301.9,1/409.8,1/173.8,2,低,特記事項なし
2026-07-06,ネオアイムジャグラーEX,2122,5707,-100,19,19,1/300.4,1/300.4,1/150.2,3,低,特記事項なし
2026-07-06,ネオアイムジャグラーEX,2123,4419,-194,14,15,1/315.6,1/294.6,1/152.4,3,低,REG優勢で高設定示唆
2026-07-06,ネオアイムジャグラーEX,2124,6896,2318,34,21,1/202.8,1/328.4,1/125.4,4,中,特記事項なし
2026-07-06,ネオアイムジャグラーEX,2125,5078,-394,18,12,1/282.1,1/423.2,1/169.3,1,低,特記事項なし
2026-07-06,ネオアイムジャグラーEX,2126,3061,112,13,3,1/235.5,1/1020.3,1/191.3,1,低,特記事項なし
2026-07-06,ネオアイムジャグラーEX,2127,3720,-785,13,7,1/286.2,1/531.4,1/186.0,1,低,特記事項なし
2026-07-06,ネオアイムジャグラーEX,2128,6105,-1191,19,20,1/321.3,1/305.2,1/156.5,3,中,REG優勢で高設定示唆
2026-07-06,ネオアイムジャグラーEX,2129,4617,1015,20,14,1/230.8,1/329.8,1/135.8,4,低,特記事項なし
2026-07-06,ネオアイムジャグラーEX,2130,7128,-891,21,29,1/339.4,1/245.8,1/142.6,5,中,REG優勢で高設定示唆
2026-07-06,ネオアイムジャグラーEX,2131,6859,1703,32,23,1/214.3,1/298.2,1/124.7,4,中,特記事項なし
2026-07-06,ネオアイムジャグラーEX,2132,5209,-300,20,12,1/260.4,1/434.1,1/162.8,1,低,特記事項なし
2026-07-06,ネオアイムジャグラーEX,2133,2622,-900,6,8,1/437.0,1/327.8,1/187.3,3,低,REG優勢で高設定示唆
2026-07-06,ネオアイムジャグラーEX,2134,3766,112,13,10,1/289.7,1/376.6,1/163.7,2,低,特記事項なし
2026-07-06,ネオアイムジャグラーEX,2135,4382,-1297,11,11,1/398.4,1/398.4,1/199.2,1,低,特記事項なし
2026-07-06,ネオアイムジャグラーEX,2136,6082,609,21,25,1/289.6,1/243.3,1/132.2,5,中,REG優勢で高設定示唆
2026-07-06,ネオアイムジャグラーEX,2137,3990,-100,13,14,1/306.9,1/285.0,1/147.8,3,低,REG優勢で高設定示唆
2026-07-06,ネオアイムジャグラーEX,2138,6979,-785,24,15,1/290.8,1/465.3,1/178.9,1,中,特記事項なし
2026-07-06,ネオアイムジャグラーEX,2139,4213,6,15,11,1/280.9,1/383.0,1/162.0,2,低,特記事項なし
2026-07-06,ネオアイムジャグラーEX,2140,7797,712,31,25,1/251.5,1/311.9,1/139.2,4,中,特記事項なし
2026-07-06,ネオアイムジャグラーEX,2141,7159,-2882,15,22,1/477.3,1/325.4,1/193.5,3,中,REG優勢で高設定示唆
2026-07-06,ネオアイムジャグラーEX,2142,6927,-185,25,14,1/277.1,1/494.8,1/177.6,1,中,特記事項なし
2026-07-06,ファンキージャグラー2,2149,3445,-1685,7,8,1/492.1,1/430.6,1/229.7,1,低,REG優勢で高設定示唆
2026-07-06,ファンキージャグラー2,2150,5958,-97,24,13,1/248.2,1/458.3,1/161.0,1,低,特記事項なし
2026-07-06,ファンキージャグラー2,2151,4802,112,21,7,1/228.7,1/686.0,1/171.5,1,低,特記事項なし
2026-07-06,ファンキージャグラー2,2152,4274,-2694,8,7,1/534.2,1/610.6,1/284.9,1,低,特記事項なし
2026-07-06,ファンキージャグラー2,2153,7254,-591,25,22,1/290.2,1/329.7,1/154.3,4,中,特記事項なし
2026-07-06,ファンキージャグラー2,2154,6288,1015,28,19,1/224.6,1/330.9,1/133.8,4,中,特記事項なし
2026-07-06,ファンキージャグラー2,2155,6162,1209,27,19,1/228.2,1/324.3,1/134.0,5,中,特記事項なし
2026-07-06,ファンキージャグラー2,2156,9102,-300,32,27,1/284.4,1/337.1,1/154.3,3,中,特記事項なし
2026-07-06,ファンキージャグラー2,2157,7560,3103,38,25,1/198.9,1/302.4,1/120.0,6,中,特記事項なし
2026-07-06,ファンキージャグラー2,2158,5269,203,22,11,1/239.5,1/479.0,1/159.7,1,低,特記事項なし
2026-07-06,ファンキージャグラー2,2159,6576,-1985,18,17,1/365.3,1/386.8,1/187.9,1,中,特記事項なし
2026-07-06,ファンキージャグラー2,2160,6622,-185,26,16,1/254.7,1/413.9,1/157.7,2,中,特記事項なし
2026-07-06,ファンキージャグラー2,2161,4422,-785,15,6,1/294.8,1/737.0,1/210.6,1,低,特記事項なし
2026-07-06,ファンキージャグラー2,2162,4163,-794,16,8,1/260.2,1/520.4,1/173.5,1,低,特記事項なし
2026-07-06,ファンキージャグラー2,2163,7239,-785,24,19,1/301.6,1/381.0,1/168.3,2,中,特記事項なし
2026-07-06,ファンキージャグラー2,2164,7937,1103,31,32,1/256.0,1/248.0,1/126.0,6,中,REG優勢で高設定示唆
2026-07-06,ファンキージャグラー2,2165,3038,-594,10,5,1/303.8,1/607.6,1/202.5,1,低,特記事項なし
2026-07-06,ファンキージャグラー2,2166,7841,206,31,23,1/252.9,1/340.9,1/145.2,4,中,特記事項なし
2026-07-06,ファンキージャグラー2,2167,5073,-1385,13,14,1/390.2,1/362.4,1/187.9,1,低,REG優勢で高設定示唆
2026-07-06,ファンキージャグラー2,2168,7576,3221,42,18,1/180.4,1/420.9,1/126.3,2,中,特記事項なし
2026-07-06,ゴーゴージャグラー3,2169,8697,1615,36,35,1/241.6,1/248.5,1/122.5,5,中,特記事項なし
2026-07-06,ゴーゴージャグラー3,2170,4980,-1491,13,16,1/383.1,1/311.2,1/171.7,3,低,REG優勢で高設定示唆
2026-07-06,ゴーゴージャグラー3,2171,5160,806,27,13,1/191.1,1/396.9,1/129.0,2,低,特記事項なし
2026-07-06,ゴーゴージャグラー3,2172,6789,1015,28,26,1/242.5,1/261.1,1/125.7,5,中,特記事項なし
2026-07-06,ゴーゴージャグラー3,2173,4521,-1491,12,12,1/376.8,1/376.8,1/188.4,1,低,特記事項なし
2026-07-06,ゴーゴージャグラー3,2174,3368,606,15,12,1/224.5,1/280.7,1/124.7,4,低,特記事項なし
2026-07-06,ゴーゴージャグラー3,2175,7558,715,32,27,1/236.2,1/279.9,1/128.1,4,中,特記事項なし
2026-07-06,ゴーゴージャグラー3,2176,5997,-100,23,16,1/260.7,1/374.8,1/153.8,2,低,特記事項なし
2026-07-06,ゴーゴージャグラー3,2229,6998,-1085,25,18,1/279.9,1/388.8,1/162.7,1,中,特記事項なし
2026-07-06,ゴーゴージャグラー3,2230,6005,2012,32,14,1/187.7,1/428.9,1/130.5,1,中,特記事項なし
2026-07-06,ゴーゴージャグラー3,2231,3421,-1685,7,9,1/488.7,1/380.1,1/213.8,1,低,REG優勢で高設定示唆
2026-07-06,ゴーゴージャグラー3,2232,6629,-3000,14,24,1/473.5,1/276.2,1/174.4,4,中,REG優勢で高設定示唆
2026-07-06,ゴーゴージャグラー3,2233,7131,406,28,28,1/254.7,1/254.7,1/127.3,5,中,特記事項なし
2026-07-06,ゴーゴージャグラー3,2234,5064,1209,25,17,1/202.6,1/297.9,1/120.6,4,低,特記事項なし
2026-07-06,ゴーゴージャグラー3,2235,6956,112,23,29,1/302.4,1/239.9,1/133.8,5,中,REG優勢で高設定示唆
2026-07-06,ゴーゴージャグラー3,2236,4717,112,18,17,1/262.1,1/277.5,1/134.8,4,低,特記事項なし
2026-07-06,ゴーゴージャグラー3,2237,7579,512,32,22,1/236.8,1/344.5,1/140.4,3,中,特記事項なし
2026-07-06,ジャグラーガールズ,2238,6894,-394,23,25,1/299.7,1/275.8,1/143.6,4,中,REG優勢で高設定示唆
2026-07-06,ジャグラーガールズ,2239,5298,1403,23,19,1/230.3,1/278.8,1/126.1,5,低,特記事項なし
2026-07-06,ジャグラーガールズ,2240,6108,112,21,17,1/290.9,1/359.3,1/160.7,2,中,特記事項なし
2026-07-06,ジャグラーガールズ,2241,4623,-100,16,15,1/288.9,1/308.2,1/149.1,3,低,特記事項なし
2026-07-06,ジャグラーガールズ,2242,7249,6,23,27,1/315.2,1/268.5,1/145.0,4,中,REG優勢で高設定示唆
2026-07-06,ジャグラーガールズ,2243,5379,-300,20,15,1/268.9,1/358.6,1/153.7,2,低,特記事項なし
2026-07-06,ジャグラーガールズ,2244,4982,512,20,11,1/249.1,1/452.9,1/160.7,1,低,特記事項なし
2026-07-06,ジャグラーガールズ,2245,7711,309,30,22,1/257.0,1/350.5,1/148.3,2,中,特記事項なし
2026-07-06,ハッピージャグラーVIII,2025,6154,806,28,16,1/219.8,1/384.6,1/139.9,2,中,特記事項なし
2026-07-06,ハッピージャグラーVIII,2026,7913,2224,35,33,1/226.1,1/239.8,1/116.4,6,中,特記事項なし
2026-07-06,ハッピージャグラーVIII,2027,7360,2506,36,24,1/204.4,1/306.7,1/122.7,5,中,特記事項なし
2026-07-06,ハッピージャグラーVIII,2028,6458,-900,21,20,1/307.5,1/322.9,1/157.5,3,中,特記事項なし
2026-07-06,ハッピージャグラーVIII,2029,6189,-900,22,14,1/281.3,1/442.1,1/171.9,1,中,特記事項なし
2026-07-06,ウルトラミラクルジャグラー,2143,4472,503,20,7,1/223.6,1/638.9,1/165.6,1,低,特記事項なし
2026-07-06,ウルトラミラクルジャグラー,2144,4189,-1597,10,12,1/418.9,1/349.1,1/190.4,1,低,REG優勢で高設定示唆
2026-07-06,ウルトラミラクルジャグラー,2145,7774,1703,38,20,1/204.6,1/388.7,1/134.0,4,中,特記事項なし
2026-07-06,ミスタージャグラー,2146,6592,909,26,20,1/253.5,1/329.6,1/143.3,3,中,特記事項なし
2026-07-06,ミスタージャグラー,2147,4155,-994,16,6,1/259.7,1/692.5,1/188.9,1,低,特記事項なし
2026-07-06,ミスタージャグラー,2148,7563,-900,23,25,1/328.8,1/302.5,1/157.6,3,中,REG優勢で高設定示唆
